_runtime,_step,_timestamp,cumulative_pcs,depth/max,depth/mean,novelty/global_frontier,novelty/global_mean,novelty/group_mean,reward/max,reward/mean,reward/std,train/completion_length,train/epoch,train/global_step,train/grad_norm,train/kl,train/learning_rate,train/loss,train/reward,train/reward_std,train/rewards/reward_fn,valid_rate,verdict/accepted,verdict/crash,verdict/encode_fail,verdict/error,verdict/rejected
32.499416955,0,1780905223.9583802,,,,,,,,,,512,0.0001,1,0.48220762610435486,0,5e-06,-3.725290298461914e-08,0.2715107202529907,0.4092634916305542,0.2715107202529907,,,,,,
63.523051253,1,1780905254.9821618,4320,2649,1261.25,3132,0.1396397289807621,0.040258302160906916,1.326572743560277,0.27151073643659496,0.39626764704313067,512,0.0002,2,0.5086645483970642,0.006704364437609911,4.999833333333333e-06,0.0003351867198944092,0.2633034288883209,0.37955671548843384,0.2633034288883209,0.125,2,0,0,0,14
94.923287384,2,1780905286.382376,4326,2649,1262.1875,3141,0.09169846631791002,0.050776850015216354,1.282440026067281,0.2633034329106547,0.3675042106789946,512,0.0003,3,0.48250067234039307,0.005870451219379902,4.999666666666667e-06,0.0002934560179710388,0.33761560916900635,0.4389529824256897,0.33761560916900635,0.125,2,0,0,0,14
126.154232689,3,1780905317.6133518,4338,2649,1420.75,3153,0.08161905905539736,0.055687405757449265,1.2450219138130765,0.3376156365180477,0.42501441931935685,512,0.0004,4,0.5043443441390991,0.006578044034540653,4.9995e-06,0.0003291293978691101,0.12605464458465576,0.01276195328682661,0.12605464458465576,0.1875,3,0,0,0,13
157.438277996,4,1780905348.897398,4348,2649,1113.0625,3153,0,0,0.14541336353340883,0.12605464326160815,0.01235670802864592,512,0.0005,5,0.4815891683101654,0.00694658886641264,4.999333333333334e-06,0.00034734606742858887,0.19349560141563416,0.2506340444087982,0.19349560141563416,0,0,0,0,0,16
188.521837962,5,1780905379.9809086,4361,2649,1231.4375,3154,0.06376317357944483,0,1.1275263471588897,0.19349559488542606,0.24267535478471636,512,0.0006,6,0.5394396781921387,0.006356113124638796,4.999166666666667e-06,0.000317990779876709,0.12360560894012451,0.012775780633091927,0.12360560894012451,0.0625,1,0,0,0,15
219.475710292,6,1780905410.9347928,4380,2649,1091.4375,3154,0,0,0.14303510758776897,0.12360560588901472,0.012370096798026246,512,0.0007,7,0.6807733178138733,0.006618049927055836,4.999000000000001e-06,0.00033045560121536255,0.1236409917473793,0.012714765965938568,0.1236409917473793,0,0,0,0,0,16
250.740502055,7,1780905442.1995683,4387,2649,1091.75,3154,0,0,0.1434881087202718,0.1236409966024915,0.012311020732066299,512,0.0008,8,0.4555913507938385,0.007793149445205927,4.998833333333334e-06,0.00038962066173553467,0.19813692569732666,0.24798080325126648,0.19813692569732666,0,0,0,0,0,16
282.098484707,8,1780905473.5576088,4392,2649,1276.1875,3157,0.05961410237930611,0,1.1192282047586122,0.1981369270103238,0.24010637425712833,512,0.0009,9,0.6394006609916687,0.007997470907866955,4.9986666666666675e-06,0.00039934366941452026,0.12311013042926788,0.01125569362193346,0.12311013042926788,0.0625,1,0,0,0,15
313.459481794,9,1780905504.918619,4397,2649,1087.0625,3157,0,0,0.14428086070215174,0.12311013590033974,0.010898278161739354,512,0.001,10,0.47999680042266846,0.007432141806930304,4.9985000000000005e-06,0.0003720596432685852,0.12345696985721588,0.012746491469442844,0.12345696985721588,0,0,0,0,0,16
344.992769421,10,1780905536.4518325,4397,2649,1090.125,3157,0,0,0.14711211778029445,0.12345696489241223,0.01234173993558727,512,0.0011,11,0.5034995675086975,0.006750980857759714,4.998333333333334e-06,0.0003373175859451294,0.1326160728931427,0.03404432162642479,0.1326160728931427,0,0,0,0,0,16
376.625339436,11,1780905568.0844047,4404,2649,1171,3157,0,0,0.2520951302378256,0.13261608154020385,0.03296327454469106,512,0.0012,12,0.6530267000198364,0.007934125140309334,4.998166666666667e-06,0.00039654970169067383,0.12404444813728333,0.01261682529002428,0.12404444813728333,0,0,0,0,0,16
408.207398389,12,1780905599.666458,4404,2649,1095.3125,3157,0,0,0.14756511891279728,0.12404445073612684,0.012216191474286547,512,0.0013,13,0.6949211359024048,0.007883533835411072,4.998e-06,0.00039409101009368896,0.12119903415441513,0.011752170510590076,0.12119903415441513,0,0,0,0,0,16
439.725426646,13,1780905631.1844873,4404,2649,1070.1875,3157,0,0,0.14224235560588902,0.12119903737259342,0.011378992236759674,512,0.0014,14,0.47467344999313354,0.007452232763171196,4.997833333333334e-06,0.0003726258873939514,0.19084542989730835,0.26659515500068665,0.19084542989730835,0,0,0,0,0,16
471.180736219,14,1780905662.639848,4406,2678,1207.375,3204,0.09472457085521836,0,1.1894491417104367,0.19084542572583432,0.2581296373962704,512,0.0015,15,0.44082653522491455,0.008767561055719852,4.997666666666667e-06,0.00043842196464538574,0.19204196333885193,0.24413828551769257,0.19204196333885193,0.0625,1,0,0,0,15
502.844758243,15,1780905694.303836,4527,2678,1237.8125,3204,0.050973472197535175,0,1.1019469443950705,0.19204196035030804,0.23638588822852868,512,0.0016,16,0.6415814757347107,0.007114519365131855,4.997500000000001e-06,0.0003557354211807251,0.3202715218067169,0.4169923961162567,0.3202715218067169,0.0625,1,0,0,0,15
534.273947647,16,1780905725.7330225,4528,2678,1356.75,3207,0.05680250423037176,0.046152740505486047,1.1952885311433683,0.32027151221048095,0.4037511539966116,512,0.0017,17,0.5144249796867371,0.00725369481369853,4.997333333333334e-06,0.00036260485649108887,0.19193585216999054,0.2418583631515503,0.19193585216999054,0.1875,3,0,0,0,13
565.42562186,17,1780905756.8847485,4531,2678,1247.25,3207,0.0455317507975204,0,1.0910635015950407,0.19193586765476847,0.23417833605105656,512,0.0018,18,0.4920387864112854,0.007709214463829994,4.997166666666667e-06,0.00038546323776245117,0.32011133432388306,0.42020872235298157,0.32011133432388306,0.0625,1,0,0,0,15
596.662026644,18,1780905788.1211102,4536,2678,1360.9375,3217,0.05025070450718427,0.06587028766721488,1.2059520413449665,0.320111328676714,0.4068653227823338,512,0.0019,19,0.4433080554008484,0.007406873162835836,4.997000000000001e-06,0.00037035346031188965,0.1836855411529541,0.24099312722682953,0.1836855411529541,0.1875,3,0,0,0,13
627.909949065,19,1780905819.369071,4536,2678,1186.9375,3219,0.04321466503893584,0,1.0864293300778716,0.18368553365264517,0.23334057329548508,512,0.002,20,0.5193350911140442,0.0069413078017532825,4.9968333333333336e-06,0.00034653395414352417,0.12270817160606384,0.01185506209731102,0.12270817160606384,0.0625,1,0,0,0,15
659.414865828,20,1780905850.8739715,4536,2678,1095.375,3219,0,0,0.14182225541448842,0.1227081777445855,0.011478615204334389,512,0.0021,21,0.43789058923721313,0.007047392427921295,4.9966666666666665e-06,0.00035268068313598633,0.12380741536617279,0.012822906486690044,0.12380741536617279,0,0,0,0,0,16
691.012265922,21,1780905882.471365,4536,2678,1105.1875,3219,0,0,0.14238237490664674,0.12380741224794622,0.012415729168770224,512,0.0022,22,0.4091554582118988,0.007493920624256134,4.9965e-06,0.0003744363784790039,0.12485063076019287,0.01604214683175087,0.12485063076019287,0,0,0,0,0,16
722.659184604,22,1780905914.118287,4538,2678,1114.5,3219,0,0,0.16624346527259148,0.1248506348020911,0.015532740685206763,512,0.0023,23,2.069617986679077,0.0074413553811609745,4.996333333333333e-06,0.00037211179733276367,0.25809693336486816,0.34175777435302734,0.25809693336486816,0,0,0,0,0,16
753.927213754,23,1780905945.3863413,4538,2678,1339.3125,3219,0.03993712448255532,0.04843732148259952,1.1663895825043038,0.2580969186734021,0.33090554133724587,512,0.0024,24,0.5977174639701843,0.010037953965365887,4.996166666666667e-06,0.0005018711090087891,0.1925172209739685,0.23693828284740448,0.1925172209739685,0.125,2,0,0,0,14
785.128326772,24,1780905976.5874398,4539,2678,1269.5,3219,0.03606762740609334,0,1.0721352548121867,0.19251722863113882,0.2294145108436108,512,0.0025,25,0.40668442845344543,0.00820116139948368,4.996e-06,0.00040975213050842285,0.13143903017044067,0.03524473309516907,0.13143903017044067,0.0625,1,0,0,0,15
816.505587059,25,1780906007.9646757,4539,2678,1173.3125,3219,0,0,0.25463032113517553,0.13143904032860343,0.03412556951296472,512,0.0026,26,0.5055480599403381,0.008224948309361935,4.995833333333334e-06,0.0004110187292098999,0.12134988605976105,0.012061426416039467,0.12134988605976105,0,0,0,0,0,16
848.139911698,26,1780906039.5990148,4539,2678,1083.25,3219,0,0,0.1405899925317401,0.12134988797610156,0.011678424250697433,512,0.0027,27,0.398735910654068,0.007251959294080734,4.995666666666667e-06,0.0003625825047492981,0.2488706260919571,0.33299604058265686,0.2488706260919571,0,0,0,0,0,16
879.675478194,27,1780906071.1345544,4541,2678,1272.1875,3221,0.035927759404134646,0.02930363395485967,1.1198480203573464,0.24887062225073092,0.32242205020122616,512,0.0028,28,0.9210444092750549,0.008032947778701782,4.995500000000001e-06,0.0004016757011413574,0.18626105785369873,0.3945792317390442,0.18626105785369873,0.125,2,0,0,0,14
910.74320948,28,1780906102.2023335,4643,3833,1289.375,4362,0.33275736698530217,0,1.6655147339706042,0.18626105490655698,0.38204968688532065,512,0.0029,29,0.4137905538082123,0.007942887023091316,4.995333333333334e-06,0.00039712339639663696,0.21620480716228485,0.34986257553100586,0.21620480716228485,0.0625,1,0,0,0,15
941.849928679,29,1780906133.3089933,4644,3833,1267.8125,4384,0.03587375294045865,0.039889409362161996,1.145549609087228,0.21620481007457354,0.33875298769064155,512,0.003,30,0.6037883162498474,0.009069095365703106,4.995166666666667e-06,0.0004534795880317688,0.21683964133262634,0.35029080510139465,0.21683964133262634,0.125,2,0,0,0,14
973.042434177,30,1780906164.5015528,4645,3833,1289.125,4385,0.031221393183479176,0.051298617083786205,1.1338822359321437,0.21683964255891935,0.33916761788084254,512,0.0031,31,0.38152387738227844,0.006926017347723246,4.9950000000000005e-06,0.000346258282661438,0.14830121397972107,0.2412513941526413,0.14830121397972107,0.125,2,0,0,0,14
1004.222375954,31,1780906195.6814806,4645,3833,1189.375,4385,0.0262219585874164,0,1.0524439171748328,0.14830122512606206,0.2335906653211838,512,0.0032,32,0.426353394985199,0.009017262607812881,4.9948333333333334e-06,0.0004508793354034424,0.14823083579540253,0.2415083944797516,0.14823083579540253,0.0625,1,0,0,0,15
1035.427571281,32,1780906226.886698,4646,3833,1192.8125,4385,0.02648069597016605,0,1.052961391940332,0.14823084097487757,0.23383949363454581,512,0.0033,33,0.8495514392852783,0.00978170707821846,4.994666666666667e-06,0.0004891008138656616,0.1561153084039688,0.2510736882686615,0.1561153084039688,0.0625,1,0,0,0,15
1066.687768164,33,1780906258.1468902,4646,3833,1277.125,4385,0.046822305080990445,0,1.0936446101619808,0.1561153109631958,0.24310104833392687,512,0.0034,34,0.48428505659103394,0.009443474002182484,4.9945e-06,0.00047235190868377686,0.09311407804489136,0.024885492399334908,0.09311407804489136,0.0625,1,0,0,0,15
1098.28599933,34,1780906289.7451055,4646,3833,1189.6875,4385,0,0,0.18017218888599007,0.09311407513696843,0.02409527176855232,512,0.0035,35,0.5189204812049866,0.00924757868051529,4.994333333333334e-06,0.0004623979330062866,0.21489718556404114,0.34802699089050293,0.21489718556404114,0,0,0,0,0,16
1129.523313575,35,1780906320.9824295,4646,3833,1277.0625,4385,0.027539514061106135,0.05114514888473794,1.1096864146720102,0.21489718466174149,0.3369756849564399,512,0.0036,36,0.4063742160797119,0.010532586835324764,4.994166666666667e-06,0.00052662193775177,0.1468774378299713,0.2469051033258438,0.1468774378299713,0.125,2,0,0,0,14
1160.950650014,36,1780906352.4097428,4655,3833,1182.875,4394,0.03612048098925705,0,1.072240961978514,0.1468774394609908,0.23906483885479754,512,0.0037,37,0.4612189531326294,0.010926077142357826,4.994000000000001e-06,0.0005462914705276489,0.15086761116981506,0.24167940020561218,0.15086761116981506,0.0625,1,0,0,0,15
1192.055284977,37,1780906383.5144,4660,3833,1237.5,4394,0.028086163211754417,0,1.0561723264235088,0.1508676057784586,0.23400505429782759,512,0.0038,38,1.2864993810653687,0.011412516236305237,4.993833333333334e-06,0.0005707405507564545,0.0891028568148613,0.012916931882500648,0.0891028568148613,0.0625,1,0,0,0,15
1223.433959255,38,1780906414.8930454,4661,3833,1138.4375,4394,0,0,0.12530654839551264,0.08910285677015392,0.012506765827445067,512,0.0039,39,0.7493438124656677,0.010401205159723759,4.993666666666668e-06,0.0005201175808906555,0.16074642539024353,0.25323694944381714,0.16074642539024353,0,0,0,0,0,16
1254.590379449,39,1780906446.0494921,4667,3833,1350.1875,4400,0.05158573788747096,0,1.103171475774942,0.16074641707939852,0.245195635744259,512,0.004,40,0.4117541015148163,0.009108714759349823,4.9935000000000006e-06,0.0004553794860839844,0.28273826837539673,0.42357558012008667,0.28273826837539673,0.0625,1,0,0,0,15
1285.785932994,40,1780906477.245039,4672,3833,1342.375,4421,0.031832745119790805,0.07182226326499437,1.1880558696360708,0.2827382872024054,0.4101252734584731,512,0.0041,41,0.4855913519859314,0.010586262680590153,4.9933333333333335e-06,0.0005296766757965088,0.08601617813110352,0.008974224328994751,0.08601617813110352,0.1875,3,0,0,0,13
1317.376396151,41,1780906508.8354802,4672,3833,1099,4421,0,0,0.09908687711974955,0.086016175319593,0.008689254275352352,512,0.0042,42,0.5074635148048401,0.010058173909783363,4.993166666666667e-06,0.0005029886960983276,0.28325313329696655,0.42661961913108826,0.28325313329696655,0,0,0,0,0,16
1348.912253654,42,1780906540.3713806,4697,3833,1349.625,4446,0.03213614535209642,0.07847459309785361,1.1695692537109892,0.2832531048923776,0.41307270401568325,512,0.0043,43,0.4589950442314148,0.01070726104080677,4.993e-06,0.0005353093147277832,0.28070059418678284,0.4141518175601959,0.28070059418678284,0.1875,3,0,0,0,13
1380.493298143,43,1780906571.9523883,4711,3833,1369.25,4460,0.025707881486343846,0.06342084439182283,1.1455604485180741,0.2807005959445034,0.40100079274037775,512,0.0044,44,0.42873814702033997,0.010345915332436562,4.992833333333334e-06,0.0005172193050384521,0.20889535546302795,0.33639055490493774,0.20889535546302795,0.1875,3,0,0,0,13
1412.237204152,44,1780906603.6963472,4711,3833,1278.875,4460,0.022723622327999248,0.024893934770842376,1.0842082787684284,0.20889537375238326,0.3257087576614959,512,0.0045,45,0.497548907995224,0.009715024381875992,4.992666666666667e-06,0.0004857182502746582,0.2169720083475113,0.33802512288093567,0.2169720083475113,0.125,2,0,0,0,14
1443.860001687,45,1780906635.319071,4712,3833,1329.4375,4461,0.019223504822511214,0.04238512706254642,1.0859689212923116,0.21697200560918703,0.3272914000109182,512,0.0046,46,0.415286123752594,0.009744790382683277,4.992500000000001e-06,0.00048723816871643066,0.21279481053352356,0.34296128153800964,0.21279481053352356,0.125,2,0,0,0,14
1475.608861062,46,1780906667.0679731,4712,3833,1271.5,4461,0.019261947511465854,0.05252481365100546,1.098354068947945,0.21279479847205848,0.33207083747435745,512,0.0047,47,0.4993089735507965,0.012242584489285946,4.992333333333334e-06,0.000612109899520874,0.21568137407302856,0.34412190318107605,0.21568137407302856,0.125,2,0,0,0,14
1507.210320671,47,1780906698.669428,4714,3833,1301.375,4463,0.01969492509882441,0.05729773896773285,1.10034640349619,0.21568136998665888,0.33319457664391655,512,0.0048,48,0.43732479214668274,0.009971502237021923,4.992166666666667e-06,0.0004985779523849487,0.1455133557319641,0.2386007010936737,0.1455133557319641,0.125,2,0,0,0,14
1538.800290442,48,1780906730.2594516,4714,3833,1170.875,4463,0.01984647105418448,0,1.039692942108369,0.1455133551901477,0.23102412152967955,512,0.0049,49,0.4378267526626587,0.01200760155916214,4.992e-06,0.0006003975868225098,0.15163955092430115,0.23787975311279297,0.15163955092430115,0.0625,1,0,0,0,15
1570.409034277,49,1780906761.8681483,4714,3833,1254.25,4463,0.019547403702397777,0,1.0390948074047957,0.15163955121286496,0.23032607212671322,512,0.005,50,0.7023327350616455,0.011948326602578163,4.991833333333334e-06,0.0005968734622001648,0.08502314984798431,0.00888337567448616,0.08502314984798431,0.0625,1,0,0,0,15
1601.951746288,50,1780906793.4108179,4714,3833,1086.3125,4463,0,0,0.10221758413775112,0.08502315418732063,0.008601289871074575,512,0.0051,51,0.51412433385849,0.012834679335355759,4.991666666666667e-06,0.0006416738033294678,0.14496925473213196,0.23715831339359283,0.14496925473213196,0,0,0,0,0,16
1633.478377092,51,1780906824.9374275,4714,3833,1169.375,4463,0.01694169232192477,0,1.0338833846438495,0.14496926384913703,0.22962756891733094,512,0.0052,52,0.4275512099266052,0.011676061898469925,4.9915e-06,0.0005837976932525635,0.21263708174228668,0.34568387269973755,0.21263708174228668,0.0625,1,0,0,0,15
1664.961185933,52,1780906856.420293,4730,3833,1267.3125,4479,0.03174399760413592,0.03400841590347888,1.1287501181188475,0.21263709052280655,0.3347069768614563,512,0.0053,53,0.4754534959793091,0.012264705263078213,4.991333333333333e-06,0.0006132125854492188,0.20832127332687378,0.33003443479537964,0.20832127332687378,0.125,2,0,0,0,14
1696.293751119,53,1780906887.7528753,4730,3833,1268.0625,4479,0.01657951541185486,0.020340524269409258,1.061226273489899,0.20832128211165943,0.3195544771353084,512,0.0054,54,0.6627230048179626,0.013004666194319725,4.991166666666667e-06,0.0006502419710159302,0.14763452112674713,0.24051527678966522,0.14763452112674713,0.125,2,0,0,0,14
1727.292881896,54,1780906918.7519808,4740,3833,1216.875,4479,0.023979816986127857,0,1.0479596339722557,0.14763451077836642,0.23287789490133579,512,0.0055,55,0.5414400696754456,0.013706078752875328,4.991e-06,0.0006847754120826721,0.08495466411113739,0.008709002286195755,0.08495466411113739,0.0625,1,0,0,0,15
1758.524961949,55,1780906949.984138,4740,3833,1085.4375,4479,0,0,0.1008087659796504,0.08495466997130185,0.008432455286175634,512,0.0056,56,0.4052850902080536,0.014065274968743324,4.990833333333334e-06,0.0007032603025436401,0.08687222748994827,0.008953241631388664,0.08687222748994827,0,0,0,0,0,16
1789.744113925,56,1780906981.2032425,4740,3833,1109.9375,4479,0,0,0.09916514479519958,0.0868722280198278,0.008668938683583214,512,0.0057,57,0.5049794316291809,0.015506520867347717,4.990666666666667e-06,0.0007753223180770874,0.15450595319271088,0.2379971742630005,0.15450595319271088,0,0,0,0,0,16
1820.875424057,57,1780907012.3345582,4740,3833,1296.625,4480,0.0213072202801803,0,1.0426144405603606,0.1545059540612422,0.23043975367955863,512,0.0058,58,0.4081811010837555,0.013084108009934425,4.990500000000001e-06,0.0006549060344696045,0.08603085577487946,0.008813012391328812,0.08603085577487946,0.0625,1,0,0,0,15
1852.131100193,58,1780907043.5902038,4740,3833,1099.1875,4480,0,0,0.09994782154969996,0.08603085050873989,0.00853316085360865,512,0.0059,59,0.529236376285553,0.014379617758095264,4.990333333333334e-06,0.0007183700799942017,0.08449484407901764,0.007498952094465494,0.08449484407901764,0,0,0,0,0,16
1883.378459343,59,1780907074.8375504,4740,3833,1079.5625,4480,0,0,0.09642577615444821,0.08449484737803287,0.007260828213693182,512,0.006,60,0.42407768964767456,0.014100061729550362,4.990166666666667e-06,0.0007049739360809326,0.20942170917987823,0.33405163884162903,0.20942170917987823,0,0,0,0,0,16
1914.77453417,60,1780907106.233627,4741,3833,1270.8125,4481,0.017127338661840855,0.030513822516097286,1.0818912148596882,0.2094217212329074,0.32344409427370613,512,0.0061,61,2.766108512878418,0.013584697619080544,4.9900000000000005e-06,0.00067920982837677,0.15307095646858215,0.2371908575296402,0.15307095646858215,0.125,2,0,0,0,14
1946.209909229,61,1780907137.6690233,4741,3833,1277.1875,4482,0.018984574889011716,0,1.0379691497780235,0.1530709586338893,0.2296590566528812,512,0.0062,62,0.4617447555065155,0.015243031084537506,4.9898333333333335e-06,0.0007621347904205322,0.1512988805770874,0.23443998396396637,0.1512988805770874,0.0625,1,0,0,0,15
1977.481331745,62,1780907168.940456,4741,3833,1253.5625,4482,0.014239231716699554,0,1.0284784634333992,0.15129888387588408,0.22699553319656646,512,0.0063,63,0.5105283856391907,0.013984974473714828,4.989666666666667e-06,0.0006992146372795105,0.21113592386245728,0.3239716589450836,0.21113592386245728,0.0625,1,0,0,0,15
2008.69564553,63,1780907200.15478,4741,3833,1319.3125,4482,0.014428287930667786,0.011939700087922108,1.0466050332258925,0.21113592896274147,0.31368420491532417,512,0.0064,64,0.6261177062988281,0.013894496485590935,4.9895e-06,0.0006947368383407593,0.14610618352890015,0.2367975115776062,0.14610618352890015,0.125,2,0,0,0,14
2040.046506777,64,1780907231.5056305,4755,3833,1199.625,4483,0.01656670594198601,0,1.0331334118839721,0.14610618914282653,0.22927820099224336,512,0.0065,65,0.502566397190094,0.01421673409640789,4.989333333333334e-06,0.0007108524441719055,0.14659777283668518,0.23734959959983826,0.14659777283668518,0.0625,1,0,0,0,15
2071.285660874,65,1780907262.74473,4755,3833,1195.4375,4483,0.018073025915796292,0,1.0361460518315926,0.1465977663819217,0.2298127596658533,512,0.0066,66,0.5692300796508789,0.015927104279398918,4.989166666666667e-06,0.0007962584495544434,0.15404745936393738,0.23852884769439697,0.15404745936393738,0.0625,1,0,0,0,15
2102.553649668,66,1780907294.012779,4755,3833,1290.25,4486,0.022022373533372063,0,1.0440447470667442,0.1540474744897409,0.23095456390008626,512,0.0067,67,0.43506094813346863,0.015885168686509132,4.989000000000001e-06,0.0007942169904708862,0.1511945128440857,0.2353980541229248,0.1511945128440857,0.0625,1,0,0,0,15
2134.00875297,67,1780907325.4678645,4755,3833,1257.4375,4486,0.015126218826106446,0,1.0302524376522129,0.15119452115707233,0.2279231824352475,512,0.0068,68,0.5229859948158264,0.016211025416851044,4.988833333333334e-06,0.0008105635643005371,0.340949147939682,0.45410391688346863,0.340949147939682,0.0625,1,0,0,0,15
2165.250245951,68,1780907356.7093785,4758,3833,1425.6875,4489,0.015947042754363407,0.07019490127190758,1.141417097925368,0.3409491316416757,0.43968420030643296,512,0.0069,69,0.4457911252975464,0.01570798270404339,4.988666666666668e-06,0.0007854700088500977,0.09085898846387863,0.023893294855952263,0.09085898846387863,0.25,4,0,0,0,12
2196.331030668,69,1780907387.7900543,4758,3833,1160.875,4489,0,0,0.17492825463083744,0.09085898773806418,0.02313458431483842,512,0.007,70,0.46218621730804443,0.017948230728507042,4.988500000000001e-06,0.0008973926305770874,0.1477060317993164,0.23541943728923798,0.1477060317993164,0,0,0,0,0,16
2227.428195012,70,1780907418.8873224,4758,3833,1214.375,4491,0.014964175142676669,0,1.0299283502853533,0.14770602932826374,0.2279439049807343,512,0.0071,71,0.4009840786457062,0.017414715141057968,4.9883333333333336e-06,0.0008707568049430847,0.1466933786869049,0.23626884818077087,0.1466933786869049,0.0625,1,0,0,0,15
2258.671722457,71,1780907450.1308515,4758,3833,1207.125,4491,0.016059387453760288,0,1.0321187749075205,0.14669337438397675,0.22876631747797826,512,0.0072,72,0.5083894729614258,0.01763344556093216,4.988166666666667e-06,0.0008817091584205627,0.20549660921096802,0.3258556127548218,0.20549660921096802,0.0625,1,0,0,0,15
2289.863982958,72,1780907481.3231013,4758,3833,1269.8125,4491,0.013694939749914106,0.012591261692904403,1.041573052428655,0.20549659908008558,0.3155083580708694,512,0.0073,73,0.8011969327926636,0.018952354788780212,4.988e-06,0.0009476393461227417,0.15119443833827972,0.23395290970802307,0.15119443833827972,0.125,2,0,0,0,14
2321.157289043,73,1780907512.6163518,4758,3833,1255.375,4491,0.011916587797815018,0,1.02383317559563,0.15119443911521735,0.22652392686277137,512,0.0074,74,0.36012500524520874,0.01854691654443741,4.987833333333334e-06,0.0009273290634155273,0.14494943618774414,0.23632410168647766,0.14494943618774414,0.0625,1,0,0,0,15
2352.489238643,74,1780907543.9483597,4758,3833,1187.9375,4491,0.015295996279943956,0,1.0305919925598879,0.14494943757308326,0.22881983371036851,512,0.0075,75,0.589981734752655,0.017958080396056175,4.987666666666667e-06,0.0008979439735412598,0.14778774976730347,0.23517173528671265,0.14778774976730347,0.0625,1,0,0,0,15
2383.752587862,75,1780907575.211687,4758,3833,1219,4491,0.014561255149963337,0,1.0291225102999266,0.14778774103149653,0.22770405369398522,512,0.0076,76,0.6740199327468872,0.019879527390003204,4.987500000000001e-06,0.0009939968585968018,0.144881471991539,0.23521412909030914,0.144881471991539,0.0625,1,0,0,0,15
2415.860545846,76,1780907607.319684,4758,3833,1179.9375,4491,0.013226040230803565,0,1.026452080461607,0.14488147052585018,0.22774510180368066,512,0.0077,77,0.41594454646110535,0.016501646488904953,4.987333333333333e-06,0.0008250772953033447,0.28534090518951416,0.41011422872543335,0.28534090518951416,0.0625,1,0,0,0,15
2447.154800772,77,1780907638.6138885,4758,3833,1465.9375,4504,0.019559055868819213,0.07101204153323985,1.1431556438062387,0.2853408986508908,0.3970914081713608,512,0.0078,78,0.7584710717201233,0.018442973494529724,4.987166666666667e-06,0.0009221434593200684,0.16337820887565613,0.308662086725235,0.16337820887565613,0.1875,3,0,0,0,13
2479.073975784,78,1780907670.533128,4758,3833,1250.125,4508,0.1602607768596691,0,1.3205215537193382,0.16337821411763342,0.29886078754724155,512,0.0079,79,0.6095744371414185,0.022830437868833542,4.987e-06,0.0011414438486099243,0.2077523171901703,0.3375798761844635,0.2077523171901703,0.0625,1,0,0,0,15
2510.276310335,79,1780907701.735419,4758,3833,1237.875,4508,0.01210364842031666,0.04724274035672854,1.1135914738933566,0.20775234778820403,0.3268603270982269,512,0.008,80,0.48030537366867065,0.019036058336496353,4.986833333333334e-06,0.0009517967700958252,0.14565278589725494,0.23377560079097748,0.14565278589725494,0.125,2,0,0,0,14
2541.567955781,80,1780907733.027076,4758,3833,1185.9375,4508,0.010826231591932137,0,1.0216524631838644,0.14565278325371367,0.22635224747385194,512,0.0081,81,0.5133674740791321,0.024550605565309525,4.986666666666667e-06,0.0012274086475372314,0.08713638037443161,0.00908623356372118,0.08713638037443161,0.0625,1,0,0,0,15
2572.577511612,81,1780907764.0366135,4758,3833,1113.3125,4508,0,0,0.10010435690060004,0.08713638142447169,0.00879770619599105,512,0.0082,82,0.6083464622497559,0.020912110805511475,4.9865000000000005e-06,0.0010455995798110962,0.1463625580072403,0.23534077405929565,0.1463625580072403,0,0,0,0,0,16
2603.792689134,82,1780907795.2517765,4758,3833,1212.75,4508,0.01411722526075798,0,1.028234450521516,0.14636255297497017,0.22786770327138345,512,0.0083,83,0.5026870965957642,0.0202811099588871,4.986333333333333e-06,0.0010140910744667053,0.08444593101739883,0.008438860066235065,0.08444593101739883,0.0625,1,0,0,0,15
2634.63047235,83,1780907826.0895762,4758,3833,1078.9375,4508,0,0,0.0997912861987999,0.0844459300808766,0.008170891765421639,512,0.0084,84,0.38663023710250854,0.018575118854641914,4.986166666666667e-06,0.0009287595748901367,0.14603786170482635,0.23356841504573822,0.14603786170482635,0,0,0,0,0,16
2666.084925748,84,1780907857.5440292,4758,3833,1192.4375,4508,0.010502220069531436,0,1.0210044401390628,0.14603786229867316,0.22615165861974765,512,0.0085,85,0.4636174142360687,0.021222392097115517,4.986e-06,0.001061081886291504,0.21531930565834045,0.33375176787376404,0.21531930565834045,0.0625,1,0,0,0,15
2697.382484337,85,1780907888.8415687,4758,3833,1333.0625,4508,0.01255001111443379,0.042901945799443675,1.0717213586113503,0.21531931722712358,0.323153760859334,512,0.0086,86,0.4987785518169403,0.01741890236735344,4.985833333333334e-06,0.0008709505200386047,0.1468638777732849,0.24037285149097443,0.1468638777732849,0.125,2,0,0,0,14
2728.87446211,86,1780907920.3335755,4762,3833,1209.875,4512,0.02388047643740586,0,1.0477609528748117,0.14686387510385393,0.2327400139924328,512,0.0087,87,0.45722123980522156,0.02276914194226265,4.985666666666667e-06,0.0011385157704353333,0.2729121744632721,0.3999427855014801,0.2729121744632721,0.0625,1,0,0,0,15
2760.529848579,87,1780907951.9888732,4762,3833,1351.1875,4512,0.011389869585316076,0.05591897694986201,1.1062025717773944,0.2729121532851155,0.38724288026472126,512,0.0088,88,0.477693647146225,0.0198209285736084,4.9855e-06,0.0009910911321640015,0.27040091156959534,0.393102765083313,0.27040091156959534,0.1875,3,0,0,0,13
2791.99272678,88,1780907983.4518282,4762,3833,1330.1875,4512,0.010276213734000013,0.04185700853504548,1.0808855102441366,0.2704008952615285,0.3806200849125498,512,0.0089,89,0.551583468914032,0.022653736174106598,4.985333333333334e-06,0.0011326968669891357,0.2074550837278366,0.33194273710250854,0.2074550837278366,0.1875,3,0,0,0,13
2823.293498126,89,1780908014.7526512,4762,3833,1272.9375,4515,0.011566082093046364,0.03427783196357636,1.0771458991350065,0.20745507811249939,0.3214021603737563,512,0.009,90,1.2123122215270996,0.022877514362335205,4.985166666666667e-06,0.0011438578367233276,0.14704301953315735,0.23378509283065796,0.14704301953315735,0.125,2,0,0,0,14
2854.55780293,90,1780908046.0169263,4762,3833,1213.0625,4515,0.011538564225766301,0,1.0230771284515325,0.14704302493729984,0.22636143112022408,512,0.0091,91,0.3879650831222534,0.021397165954113007,4.9850000000000006e-06,0.0010698288679122925,0.14499925076961517,0.23560012876987457,0.14499925076961517,0.0625,1,0,0,0,15
2886.009276953,91,1780908077.4683578,4762,3833,1174.75,4519,0.013972672889241415,0,1.0279453457784828,0.14499925825673304,0.22811882392311544,512,0.0092,92,0.38449347019195557,0.018323734402656555,4.9848333333333335e-06,0.0009161829948425293,0.15266017615795135,0.23384182155132294,0.15266017615795135,0.0625,1,0,0,0,15
2917.305721045,92,1780908108.7648165,4762,3833,1287,4519,0.012528481912213747,0,1.0250569638244276,0.1526601771187554,0.22641637085490365,512,0.0093,93,0.5182824730873108,0.017811836674809456,4.984666666666667e-06,0.0008906424045562744,0.27088356018066406,0.3932962715625763,0.27088356018066406,0.0625,1,0,0,0,15
2948.397500844,93,1780908139.8566332,4762,3833,1339.8125,4519,0.010492820163125033,0.042119484605052875,1.0979252341488828,0.27088354147510196,0.38080747561284695,512,0.0094,94,0.4035847783088684,0.019298171624541283,4.9845e-06,0.000964924693107605,0.15170030295848846,0.2323530614376068,0.15170030295848846,0.1875,3,0,0,0,13
2979.444029727,94,1780908170.90313,4762,3833,1264.3125,4519,0.009075959373212674,0,1.0181519187464254,0.1517003049920925,0.22497489871059081,512,0.0095,95,0.4434729814529419,0.01863652467727661,4.984333333333334e-06,0.0009318739175796509,0.15380361676216125,0.23292116820812225,0.15380361676216125,0.0625,1,0,0,0,15
3010.70776153,95,1780908202.166878,4762,3833,1288.3125,4519,0.011070664379452623,0,1.0221413287589052,0.15380360868009527,0.225524956695596,512,0.0096,96,1.065835952758789,0.01721435785293579,4.984166666666667e-06,0.0008607581257820129,0.21608978509902954,0.3383980989456177,0.21608978509902954,0.0625,1,0,0,0,15
3041.85202626,96,1780908233.3109884,4764,3833,1327.375,4521,0.01072800903064691,0.06057552468255409,1.0826486850427777,0.21608977639372454,0.3276525452664075,512,0.0097,97,0.5116307139396667,0.017834791913628578,4.984000000000001e-06,0.0008917897939682007,0.20822520554065704,0.3318707346916199,0.20822520554065704,0.125,2,0,0,0,14
3073.756373756,97,1780908265.215497,4764,3833,1253.25,4521,0.009074249913337166,0.03998285889075328,1.0625004711464296,0.20822519886394145,0.32133245847906095,512,0.0098,98,0.46721863746643066,0.021441960707306862,4.983833333333334e-06,0.0010720491409301758,0.20699000358581543,0.331437885761261,0.20699000358581543,0.125,2,0,0,0,14
3105.137733963,98,1780908296.596865,4764,3833,1258.5,4521,0.011412686625089919,0.03293817527010805,1.0631066539369203,0.20699001048389848,0.32091334387830067,512,0.0099,99,0.48616501688957214,0.020295482128858566,4.983666666666667e-06,0.00101480633020401,0.20627567172050476,0.3236335515975952,0.20627567172050476,0.125,2,0,0,0,14
3136.724455946,99,1780908328.183567,4764,3833,1254.625,4521,0.008194433912727943,0.018515250653913812,1.0536009659914325,0.20627568112873154,0.3133568433845117,512,0.01,100,1.3843251466751099,0.02180195413529873,4.983500000000001e-06,0.0010900497436523438,0.09067799150943756,0.020254993811249733,0.09067799150943756,0.125,2,0,0,0,14
3168.218673299,100,1780908359.677786,4765,3833,1158.5625,4521,0,0,0.16005739629533003,0.09067799373858595,0.019611811963724576,512,0.0101,101,0.6142547726631165,0.021736295893788338,4.983333333333334e-06,0.0010868161916732788,0.15091273188591003,0.23315781354904175,0.15091273188591003,0,0,0,0,0,16
3199.691923173,101,1780908391.1510174,4765,3833,1254.4375,4521,0.010093386928689553,0,1.020186773857379,0.15091272997970476,0.22575409261998655,512,0.0102,102,0.6149256229400635,0.020897945389151573,4.9831666666666674e-06,0.0010448694229125977,0.20786312222480774,0.33290231227874756,0.20786312222480774,0.0625,1,0,0,0,15
3231.31996311,102,1780908422.7790701,4765,3833,1257.5,4521,0.00939719775970883,0.041684217539124116,1.060654436057281,0.20786311387468662,0.3223312828061476,512,0.0103,103,0.7514984607696533,0.019939381629228592,4.983e-06,0.0009969323873519897,0.28059566020965576,0.40835484862327576,0.28059566020965576,0.125,2,0,0,0,14
3262.888151589,103,1780908454.347281,4766,3833,1387.625,4522,0.013854114123084965,0.07459383393832629,1.147781609729654,0.2805956726627237,0.3953878861019941,512,0.0104,104,0.5042422413825989,0.01909990981221199,4.982833333333334e-06,0.0009550154209136963,0.14367875456809998,0.23341119289398193,0.14367875456809998,0.1875,3,0,0,0,13
3294.45995629,104,1780908485.919095,4766,3833,1177.1875,4522,0.009200454409198635,0,1.0184009088183972,0.14367875494881482,0.22599941247349303,512,0.0105,105,0.4719875454902649,0.020419657230377197,4.982666666666667e-06,0.0010209456086158752,0.20769283175468445,0.3328591287136078,0.20769283175468445,0.0625,1,0,0,0,15
3325.918316998,105,1780908517.3774343,4766,3833,1264.4375,4522,0.009074424053377668,0.04194599854544273,1.0705879267557652,0.20769284983100297,0.32228948432466936,512,0.0106,106,0.5793024897575378,0.024105267599225044,4.982500000000001e-06,0.0012048184871673584,0.08665698766708374,0.00924527458846569,0.08665698766708374,0.125,2,0,0,0,14
3357.293648006,106,1780908548.7527964,4766,3833,1107.1875,4522,0,0,0.09963475084789981,0.0866569919123402,0.008951698310767512,512,0.0107,107,0.45365339517593384,0.021729545667767525,4.982333333333333e-06,0.001086503267288208,0.1431773155927658,0.23360809683799744,0.1431773155927658,0,0,0,0,0,16
3389.009607655,107,1780908580.4687107,4766,3833,1173.8125,4522,0.0092979471883396,0,1.0185958943766793,0.1431773099260666,0.22619006492623808,512,0.0108,108,0.6616561412811279,0.021255914121866226,4.982166666666667e-06,0.0010628551244735718,0.2716461420059204,0.39707085490226746,0.2716461420059204,0.0625,1,0,0,0,15
3420.551503495,108,1780908612.010674,4766,3833,1336.875,4522,0.008801073724110127,0.053118130737538155,1.1355542594763035,0.27164610746898704,0.38446218640049684,512,0.0109,109,0.5109338760375977,0.02885562554001808,4.982e-06,0.0014430582523345947,0.08456822484731674,0.00819564051926136,0.08456822484731674,0.1875,3,0,0,0,13
3452.187995548,109,1780908643.6471212,4766,3833,1080.5,4522,0,0,0.09548656404904775,0.08456822332376727,0.007935392833043309,512,0.011,110,0.5181770920753479,0.0229080431163311,4.981833333333334e-06,0.0011454075574874878,0.2708319425582886,0.3887031376361847,0.2708319425582886,0,0,0,0,0,16
3483.554376766,110,1780908675.0134633,4766,3833,1362.4375,4522,0.008050688468311739,0.03796256387839656,1.0674855984140623,0.27083194063774974,0.3763602066165275,512,0.0111,111,1.0326327085494995,0.02416568621993065,4.981666666666667e-06,0.0012082308530807495,0.21273589134216309,0.3358578681945801,0.21273589134216309,0.1875,3,0,0,0,13
3514.7789168,111,1780908706.2380295,4766,3833,1331.5625,4522,0.012826799623496001,0.04613972564533357,1.0938337885329885,0.2127359057628582,0.3251929809461895,512,0.0112,112,0.5891642570495605,0.026786215603351593,4.9815000000000005e-06,0.0013392269611358643,0.08506228774785995,0.00878023449331522,0.08506228774785995,0.125,2,0,0,0,14
3545.859247903,112,1780908737.3184009,4766,3833,1086.8125,4522,0,0,0.09947821549699973,0.08506228802504566,0.008501425159496083,512,0.0113,113,0.3659366965293884,0.02441205084323883,4.9813333333333335e-06,0.0012206360697746277,0.14537985622882843,0.23187477886676788,0.14537985622882843,0,0,0,0,0,16
3577.222845189,113,1780908768.6819417,4766,3833,1181.6875,4522,0.007194823194349237,0,1.0143896463886986,0.14537985120349403,0.22451181008499752,512,0.0114,114,0.3608305752277374,0.024510443210601807,4.981166666666667e-06,0.0012255460023880005,0.14527836441993713,0.23259055614471436,0.14527836441993713,0.0625,1,0,0,0,15
3608.581922811,114,1780908800.041029,4766,3833,1203.75,4522,0.008457020291838757,0,1.0169140405836776,0.14527836416575196,0.2252048454929073,512,0.0115,115,0.6753944158554077,0.027817273512482643,4.981e-06,0.001390889286994934,0.2083444595336914,0.3264356255531311,0.2083444595336914,0.0625,1,0,0,0,15
3639.935457289,115,1780908831.394453,4766,3833,1276.5625,4522,0.008443731185877695,0.027366195592325393,1.0558147203912123,0.20834445183199587,0.3160699118395167,512,0.0116,116,0.4296630024909973,0.03422391414642334,4.980833333333333e-06,0.0017112195491790771,0.1463165134191513,0.23362934589385986,0.1463165134191513,0.125,2,0,0,0,14
3671.248548647,116,1780908862.7077136,4766,3833,1209.4375,4522,0.01085296132079123,0,1.0217059226415826,0.14631650798143075,0.22621065724272824,512,0.0117,117,0.4909631609916687,0.024881506338715553,4.980666666666667e-06,0.0012440681457519531,0.2707364559173584,0.3929935395717621,0.2707364559173584,0.0625,1,0,0,0,15
3702.593286516,117,1780908894.0524158,4767,3833,1344.4375,4523,0.008012057368524329,0.04658362145524852,1.0789154595891226,0.2707364720596665,0.380514340796616,512,0.0118,118,0.4207349419593811,0.033177170902490616,4.9805e-06,0.0016588643193244934,0.1433204561471939,0.23332789540290833,0.1433204561471939,0.1875,3,0,0,0,13
3734.188768582,118,1780908925.6478596,4767,3833,1176.9375,4523,0.008916937887052634,0,1.0178338757741052,0.14332046122231518,0.22591876614375647,512,0.0119,119,0.6957370638847351,0.026587940752506256,4.980333333333334e-06,0.0013293921947479248,0.3354748487472534,0.43227678537368774,0.3354748487472534,0.0625,1,0,0,0,15
3765.497558859,119,1780908956.956683,4771,3833,1477.875,4527,0.0076335471601509395,0.04408602282968407,1.0973346294646882,0.3354748563811568,0.41855019560624446,512,0.012,120,0.3895544409751892,0.028556454926729202,4.980166666666667e-06,0.0014278590679168701,0.1581670343875885,0.2811422646045685,0.1581670343875885,0.25,4,0,0,0,12
3796.788989362,120,1780908988.2481353,4771,3833,1277.375,4536,0.10600934011760076,0,1.2120186802352015,0.1581670297635913,0.2722148168711253,512,0.0121,121,0.48946332931518555,0.025837549939751625,4.980000000000001e-06,0.0012918263673782349,0.14690248668193817,0.23109495639801025,0.14690248668193817,0.0625,1,0,0,0,15
3828.238319337,121,1780909019.6974208,4771,3833,1200.5625,4536,0.006266182342986675,0,1.0125323646859734,0.1469025005518089,0.2237567482996674,512,0.0122,122,0.5246437191963196,0.040747299790382385,4.9798333333333336e-06,0.0020377859473228455,0.08532155305147171,0.00875903107225895,0.08532155305147171,0.0625,1,0,0,0,15
3859.738354184,122,1780909051.1974726,4771,3833,1090.125,4536,0,0,0.10135663970780068,0.08532154969997391,0.008480893820686869,512,0.0123,123,0.5753019452095032,0.03723306208848953,4.979666666666667e-06,0.001861337572336197,0.08670101314783096,0.010983104817569256,0.08670101314783096,0,0,0,0,0,16
3891.255758564,123,1780909082.7149088,4771,3833,1107.75,4536,0,0,0.11614923036785807,0.08670101747978085,0.01063434588533983,512,0.0124,124,0.45671185851097107,0.034009899944067,4.9795e-06,0.0017005205154418945,0.14407838881015778,0.23225001990795135,0.14407838881015778,0,0,0,0,0,16
3922.49002916,124,1780909113.9490724,4771,3833,1181.8125,4536,0.0072318146849815095,0,1.014463629369963,0.1440783833057505,0.2248751048774358,512,0.0125,125,0.4122547507286072,0.046340033411979675,4.979333333333334e-06,0.0023169666528701782,0.1460069715976715,0.23177780210971832,0.1460069715976715,0.0625,1,0,0,0,15
3953.875086688,125,1780909145.334197,4771,3833,1208.9375,4536,0.007359261580784925,0,1.0147185231615699,0.1460069804865363,0.22441787233854865,512,0.0126,126,0.51829594373703,0.0343681201338768,4.979166666666667e-06,0.0017184019088745117,0.14382994174957275,0.23242299258708954,0.14382994174957275,0.0625,1,0,0,0,15
3985.123330454,126,1780909176.582425,4771,3833,1172.8125,4536,0.007435812575077414,0,1.0148716251501548,0.14382994617793737,0.2250425969134283,512,0.0127,127,0.5089630484580994,0.04149284586310387,4.979e-06,0.002074629068374634,0.14373916387557983,0.23301199078559875,0.14373916387557983,0.0625,1,0,0,0,15
4016.515411679,127,1780909207.974512,4771,3833,1186.75,4536,0.008509747813834843,0,1.0170194956276697,0.14373916851586319,0.22561289714760555,512,0.0128,128,0.590952455997467,0.035219766199588776,4.978833333333334e-06,0.0017609894275665283,0.14636507630348206,0.23289012908935547,0.14636507630348206,0.0625,1,0,0,0,15
4047.879496522,128,1780909239.3386815,4771,3833,1211.25,4536,0.009558715883657337,0,1.0191174317673146,0.146365071679561,0.22549487772701376,512,0.0129,129,0.4863244593143463,0.04153420031070709,4.978666666666667e-06,0.0020766854286193848,0.15163609385490417,0.23189719021320343,0.15163609385490417,0.0625,1,0,0,0,15
4079.227349054,129,1780909270.6864011,4771,3833,1271.125,4536,0.008249227949978434,0,1.0164984558999568,0.15163609740191322,0.22453346788337147,512,0.013,130,0.43133723735809326,0.030477173626422882,4.978500000000001e-06,0.0015237927436828613,0.14426399767398834,0.23221169412136078,0.14426399767398834,0.0625,1,0,0,0,15
4110.515670537,130,1780909301.9747844,4771,3833,1186.625,4536,0.00726882669322182,0,1.0145376533864436,0.14426400380625878,0.22483799524548845,512,0.0131,131,0.4229644238948822,0.040972813963890076,4.978333333333334e-06,0.0020486116409301758,0.1453176885843277,0.23135876655578613,0.1453176885843277,0.0625,1,0,0,0,15
4141.870949507,131,1780909333.3300643,4771,3833,1184.625,4536,0.0061888245835225765,0,1.012377649167045,0.14531769386344384,0.2240121684554392,512,0.0132,132,0.6310105919837952,0.03944500908255577,4.9781666666666675e-06,0.001972295343875885,0.08682820200920105,0.008374952711164951,0.08682820200920105,0.0625,1,0,0,0,15
4173.295977164,132,1780909364.7551074,4771,3833,1109.375,4536,0,0,0.09611270545264805,0.08682820245238716,0.008109012544425002,512,0.0133,133,0.4813641905784607,0.030866708606481552,4.9780000000000005e-06,0.0015432089567184448,0.08477367460727692,0.008150212466716766,0.08477367460727692,0,0,0,0,0,16
4204.728692677,133,1780909396.1877975,4771,3833,1083.125,4536,0,0,0.09572136707539787,0.08477367597182364,0.007891407756300465,512,0.0134,134,0.4918903112411499,0.033334895968437195,4.977833333333334e-06,0.001666724681854248,0.21004629135131836,0.3327653110027313,0.21004629135131836,0,0,0,0,0,16
4236.142132615,134,1780909427.6011963,4771,3833,1285.3125,4536,0.007729956704838659,0.04647835611873985,1.0858443407802065,0.21004628838711267,0.32219861868245037,512,0.0135,135,0.5217489004135132,0.029997382313013077,4.977666666666667e-06,0.0014998763799667358,0.20912212133407593,0.3323388397693634,0.20912212133407593,0.125,2,0,0,0,14
4267.606352325,135,1780909459.0654745,4773,3833,1272.25,4536,0.0073879460965295025,0.04540433506402093,1.0717927441716828,0.20912212402414515,0.3217857195322491,512,0.0136,136,0.44111141562461853,0.035463847219944,4.977500000000001e-06,0.0017731785774230957,0.21253517270088196,0.3389005661010742,0.21253517270088196,0.125,2,0,0,0,14
4298.958594855,136,1780909490.4176989,4773,3833,1290.3125,4536,0.012068929160961903,0.055285207934306406,1.1249400106967287,0.2125351752204582,0.32813907464406417,512,0.0137,137,0.6301613450050354,0.03413516283035278,4.977333333333334e-06,0.0017067790031433105,0.20685943961143494,0.3299633264541626,0.20685943961143494,0.125,2,0,0,0,14
4330.306941737,137,1780909521.7660196,4773,3833,1274.0625,4536,0.007659816186315211,0.03654254493309291,1.0559914883570063,0.20685943535131873,0.3194856288688872,512,0.0138,138,0.5045686364173889,0.042445603758096695,4.977166666666667e-06,0.002122163772583008,0.09176884591579437,0.024567505344748497,0.09176884591579437,0.125,2,0,0,0,14
4361.72812181,138,1780909553.1872303,4773,3833,1172.5,4536,0,0,0.17813722932428908,0.09176884946517089,0.023787386651237353,512,0.0139,139,0.49788597226142883,0.03712090849876404,4.977e-06,0.001856103539466858,0.26965266466140747,0.3887771964073181,0.26965266466140747,0,0,0,0,0,16
4393.077332978,139,1780909584.5364766,4773,3833,1365.375,4536,0.007460551683088762,0.03788849572205071,1.0775139499414257,0.26965264772886016,0.3764319177265392,512,0.014,140,0.9425897598266602,0.04327685758471489,4.976833333333334e-06,0.002163834869861603,0.21024739742279053,0.3390243947505951,0.21024739742279053,0.1875,3,0,0,0,13
4424.542381489,140,1780909616.0015285,4805,3833,1266.1875,4568,0.015174268758995125,0.046817176560849966,1.1288843093323675,0.2102473970148772,0.3282589494607043,512,0.0141,141,0.4367964267730713,0.04357122629880905,4.976666666666667e-06,0.0021785497665405273,0.20567303895950317,0.3267723619937897,0.20567303895950317,0.125,2,0,0,0,14
4455.932285347,141,1780909647.3914552,4805,3833,1269.75,4568,0.006759058729181053,0.029009443741406675,1.04439636359858,0.2056730414192119,0.31639598858758666,512,0.0142,142,0.5790669322013855,0.04378608614206314,4.9765000000000005e-06,0.0021895021200180054,0.08526284992694855,0.008609768934547901,0.08526284992694855,0.125,2,0,0,0,14
4487.57248324,142,1780909679.0316038,4805,3833,1089.375,4568,0,0,0.10088703365510045,0.08526284894338639,0.008336374351835443,512,0.0143,143,0.46516239643096924,0.042389266192913055,4.9763333333333335e-06,0.002119496464729309,0.14632131159305573,0.231363907456398,0.14632131159305573,0,0,0,0,0,16
4519.433185971,143,1780909710.892284,4805,3833,1198.9375,4568,0.00662578309076384,0,1.0132515661815278,0.14632130924168074,0.22401712570442656,512,0.0144,144,0.48482465744018555,0.03572249412536621,4.976166666666667e-06,0.00178605318069458,0.3331674635410309,0.4401159882545471,0.3331674635410309,0.0625,1,0,0,0,15
4551.139464489,144,1780909742.5986125,4805,3833,1427.1875,4568,0.0068733247032865055,0.056961339960276705,1.1209859112152143,0.3331674747745327,0.42614050135193526,512,0.0145,145,0.5192106366157532,0.04696996510028839,4.976e-06,0.00234820693731308,0.08741031587123871,0.00951824989169836,0.08741031587123871,0.25,4,0,0,0,12
4582.753899639,145,1780909774.2130258,4805,3833,1116.8125,4568,0,0,0.1026089225150013,0.08741031828854683,0.009216007100166911,512,0.0146,146,0.463742196559906,0.04250412434339523,4.975833333333333e-06,0.0021256208419799805,0.08822724223136902,0.009209837764501572,0.08822724223136902,0,0,0,0,0,16
4614.540785272,146,1780909805.9999034,4805,3833,1127.25,4568,0,0,0.10237411948865117,0.08822723715105661,0.008917385792793291,512,0.0147,147,0.3885505497455597,0.04076066613197327,4.975666666666667e-06,0.002038039267063141,0.1468200385570526,0.2343105971813202,0.1468200385570526,0,0,0,0,0,16
4646.245108823,147,1780909837.7042093,4805,3833,1230.625,4568,0.012298428645451727,0,1.0245968572909034,0.14682004555824474,0.2268702741441578,512,0.0148,148,0.49288061261177063,0.03256914019584656,4.9755e-06,0.0016286969184875488,0.09291841089725494,0.023706991225481033,0.09291841089725494,0.0625,1,0,0,0,15
4678.508531992,148,1780909869.9676561,4805,3833,1187.1875,4568,0,0,0.17531959300808767,0.09291840594834333,0.022954192932919906,512,0.0149,149,0.5718653202056885,0.04266287013888359,4.975333333333334e-06,0.0021331608295440674,0.33993858098983765,0.45106592774391174,0.33993858098983765,0,0,0,0,0,16
4710.009910464,149,1780909901.4690573,4805,3833,1475.625,4571,0.009671507855698846,0.07617962536468524,1.1572221527106712,0.33993857834885377,0.43674272234733796,512,0.015,150,0.5261813998222351,0.03637455776333809,4.975166666666667e-06,0.0018187165260314941,0.20692145824432373,0.33166658878326416,0.20692145824432373,0.25,4,0,0,0,12
4741.63519831,150,1780909933.0943515,4805,3833,1256.9375,4571,0.006755542413459858,0.04252586506364888,1.0800522252117706,0.2069214593311554,0.32113479065199224,512,0.0151,151,0.4526931345462799,0.03957178071141243,4.975000000000001e-06,0.001978643238544464,0.14588412642478943,0.23138083517551422,0.14588412642478943,0.125,2,0,0,0,14
4773.04667015,151,1780909964.5057914,4805,3833,1210.0625,4571,0.0064937434615662025,0,1.0129874869231323,0.14588411553248706,0.224033517506243,512,0.0152,152,0.50331050157547,0.0501028448343277,4.974833333333334e-06,0.0025051236152648926,0.2111607939004898,0.33834630250930786,0.2111607939004898,0.0625,1,0,0,0,15
4804.677424581,152,1780909996.1364982,4805,3833,1277.75,4571,0.009426785827788747,0.05861440883289491,1.0955090304836708,0.21116079993517853,0.3276023804527215,512,0.0153,153,0.4605082869529724,0.037993140518665314,4.9746666666666674e-06,0.001899629831314087,0.21124640107154846,0.3309571146965027,0.21124640107154846,0.125,2,0,0,0,14
4836.299889816,153,1780910027.7589426,4805,3833,1302.8125,4571,0.005929240453145525,0.04692312328466451,1.0674239425258334,0.21124640910722453,0.3204478128984695,512,0.0154,154,0.7951555848121643,0.047217920422554016,4.9745e-06,0.0023608654737472534,0.1550317108631134,0.2698597311973572,0.1550317108631134,0.125,2,0,0,0,14
4867.75061701,154,1780910059.2097032,4805,3833,1256.4375,4571,0.08327481781322509,0,1.1665496356264502,0.1550317106926067,0.26129056740061146,512,0.0155,155,0.34634846448898315,0.04320445656776428,4.974333333333334e-06,0.002160191535949707,0.14287739992141724,0.2329716682434082,0.14287739992141724,0.0625,1,0,0,0,15
4899.260314883,155,1780910090.7194383,4805,3833,1173.1875,4571,0.007994491267688043,0,1.015988982535376,0.14287740950394756,0.22557384607527345,512,0.0156,156,1.1781455278396606,0.06180199980735779,4.974166666666667e-06,0.0030896440148353577,0.08403991162776947,0.008521263487637043,0.08403991162776947,0.0625,1,0,0,0,15
4930.855552392,156,1780910122.314663,4805,3833,1073.75,4571,0,0,0.09861727106704932,0.08403991651447952,0.008250676205801721,512,0.0157,157,0.4507417380809784,0.05758710950613022,4.974e-06,0.0028793364763259888,0.1448908895254135,0.23115642368793488,0.1448908895254135,0,0,0,0,0,16
4962.137845292,157,1780910153.5969417,4805,3833,1187.0625,4571,0.005592070326651136,0,1.0111841406533022,0.14489089504180974,0.22381625810170766,512,0.0158,158,0.8126398921012878,0.05264929682016373,4.973833333333334e-06,0.0026326291263103485,0.08564929664134979,0.008407649584114552,0.08564929664134979,0.0625,1,0,0,0,15
4993.715166371,158,1780910185.174303,4805,3833,1094.3125,4571,0,0,0.09572136707539787,0.08564929559092095,0.008140671620834096,512,0.0159,159,0.5791307687759399,0.053220003843307495,4.973666666666667e-06,0.002660982310771942,0.27150505781173706,0.3916877806186676,0.27150505781173706,0,0,0,0,0,16
5025.03990718,159,1780910216.4989932,4805,3833,1378.625,4571,0.0059567612758086004,0.04871454654471629,1.076628175690852,0.2715050575029145,0.3792500482838228,512,0.016,160,0.46853819489479065,0.05177367478609085,4.973500000000001e-06,0.0025885850191116333,0.14637628197669983,0.2309490293264389,0.14637628197669983,0.1875,3,0,0,0,13
5056.754146861,160,1780910248.2132456,4805,3833,1206.625,4571,0.005656851288548816,0,1.0113137025770977,0.14637629503616645,0.22361544375795483,512,0.0161,161,0.4507169723510742,0.04106106609106064,4.973333333333334e-06,0.0020531266927719116,0.2053721845149994,0.32874077558517456,0.2053721845149994,0.0625,1,0,0,0,15
5088.39114743,161,1780910279.850293,4805,3833,1271.6875,4571,0.006381251129269245,0.034245660421529545,1.0689233671598093,0.20537217217429887,0.3183018818399307,512,0.0162,162,0.5672098994255066,0.03920617699623108,4.9731666666666675e-06,0.0019603073596954346,0.27340438961982727,0.39642414450645447,0.27340438961982727,0.125,2,0,0,0,14
5120.070688901,162,1780910311.5297458,4806,3833,1405.3125,4572,0.00894598996154078,0.05388329633955664,1.1116435589207818,0.27340438138768713,0.3838360243323889,512,0.0163,163,0.8614107966423035,0.0488537959754467,4.9730000000000005e-06,0.0024426430463790894,0.26780545711517334,0.39069435000419617,0.26780545711517334,0.1875,3,0,0,0,13
5151.827634099,163,1780910343.2867367,4806,3833,1314.1875,4572,0.005247708726119705,0.04383741940850792,1.108927212755403,0.26780546065519395,0.378288168528593,512,0.0164,164,0.5560173988342285,0.04219859093427658,4.972833333333334e-06,0.002109900116920471,0.3421059250831604,0.44113048911094666,0.3421059250831604,0.1875,3,0,0,0,13
5183.296883793,164,1780910374.7560046,4806,3833,1528.3125,4572,0.0064116583151399295,0.06808409157635222,1.1229242244126385,0.34210592849308774,0.42712273502238024,512,0.0165,165,0.6016449332237244,0.05392903834581375,4.972666666666667e-06,0.002695925533771515,0.0844801664352417,0.008092230185866356,0.0844801664352417,0.25,4,0,0,0,12
5214.677683377,165,1780910406.136774,4806,3833,1079.375,4572,0,0,0.09548656404904775,0.08448017218888598,0.007835268423521995,512,0.0166,166,0.9612798094749451,0.052313707768917084,4.9725e-06,0.002615705132484436,0.14632844924926758,0.23029614984989166,0.14632844924926758,0,0,0,0,0,16
5246.05428889,166,1780910437.5133722,4806,3833,1196.25,4572,0.004687087682935867,0,1.0093741753658718,0.14632845053119922,0.2229832900857937,512,0.0167,167,0.8974497318267822,0.04411281272768974,4.972333333333334e-06,0.0022056251764297485,0.14309903979301453,0.2323106974363327,0.14309903979301453,0.0625,1,0,0,0,15
5277.618995254,167,1780910469.078133,4806,3833,1164.1875,4572,0.0068716702458104335,0,1.013743340491621,0.1430990448751693,0.22493386998736722,512,0.0168,168,0.4112478792667389,0.05132647603750229,4.972166666666667e-06,0.0025663524866104126,0.14812339842319489,0.23053157329559326,0.14812339842319489,0.0625,1,0,0,0,15
5309.079855203,168,1780910500.5388849,4807,3833,1223,4572,0.004841023263985541,0,1.009682046527971,0.14812339036560318,0.2232112326620378,512,0.0169,169,0.40635913610458374,0.04632338881492615,4.972e-06,0.002316191792488098,0.21307078003883362,0.3323112428188324,0.21307078003883362,0.0625,1,0,0,0,15
5340.559198544,169,1780910532.0183775,4807,3833,1309.3125,4572,0.005344954161318343,0.05157256853346502,1.0641389811267412,0.21307076942960598,0.32175899341723574,512,0.017,170,0.6406494975090027,0.05436179041862488,4.971833333333334e-06,0.0027178600430488586,0.08712170273065567,0.011324221268296242,0.08712170273065567,0.125,2,0,0,0,14
5372.212530833,170,1780910563.6716163,4807,3833,1113.125,4572,0,0,0.11607096269240802,0.08712170623532481,0.010964630748524098,512,0.0171,171,0.49987301230430603,0.04978006333112717,4.971666666666667e-06,0.002489030361175537,0.14342904090881348,0.2340087592601776,0.14342904090881348,0,0,0,0,0,16
5403.933809224,171,1780910595.3929007,4807,3833,1178.5,4572,0.010215999253867285,0,1.0204319985077346,0.1434290348662951,0.22657801595602745,512,0.0172,172,0.5374197959899902,0.0444318950176239,4.971500000000001e-06,0.002221614122390747,0.27346786856651306,0.397138774394989,0.27346786856651306,0.0625,1,0,0,0,15
5435.863683181,172,1780910627.3226373,4807,3833,1351.375,4572,0.005198075580639429,0.0628656822292556,1.1149390175027203,0.2734678747416801,0.3845279462306385,512,0.0173,173,0.48021239042282104,0.04809138923883438,4.9713333333333336e-06,0.0024045556783676147,0.2124062180519104,0.32388463616371155,0.2124062180519104,0.1875,3,0,0,0,13
5467.451122049,173,1780910658.910259,4807,3833,1329.8125,4572,0.004953771838630577,0.03146325283598251,1.0488091827448103,0.21240621781356844,0.3135999407567719,512,0.0174,174,0.6918716430664062,0.046565376222133636,4.9711666666666665e-06,0.002328246831893921,0.2080669403076172,0.3251781761646271,0.2080669403076172,0.125,2,0,0,0,14
5499.220228978,174,1780910690.679382,4807,3833,1290.9375,4572,0.00509087074063849,0.03032562241747769,1.06289019932462,0.20806694253273958,0.3148524006385648,512,0.0175,175,0.9618745446205139,0.0496211051940918,4.971e-06,0.002481013536453247,0.1446792483329773,0.23434790968894958,0.1446792483329773,0.125,2,0,0,0,14
5531.043116056,175,1780910722.502228,4807,3833,1184.75,4572,0.011490920965592377,0,1.0229818419311847,0.14467925580684565,0.2269063874928679,512,0.0176,176,0.4778609573841095,0.04076189547777176,4.970833333333333e-06,0.002038046717643738,0.2073526382446289,0.3310403525829315,0.2073526382446289,0.0625,1,0,0,0,15
5562.8939386,176,1780910754.353006,4807,3833,1269.0625,4572,0.005652932507691789,0.0435627973615917,1.0793814323266568,0.2073526474984003,0.32052842759589556,512,0.0177,177,1.2157399654388428,0.047800857573747635,4.970666666666667e-06,0.0023901015520095825,0.15572181344032288,0.2309633195400238,0.15572181344032288,0.125,2,0,0,0,14
5594.635998248,177,1780910786.0951214,4807,3833,1323.3125,4572,0.007710211352350996,0,1.015420422704702,0.1557217988557775,0.22362925803462697,512,0.0178,178,0.48225489258766174,0.046351123601198196,4.9705e-06,0.0023175179958343506,0.14566285908222198,0.23191267251968384,0.14566285908222198,0.0625,1,0,0,0,15
5626.427817945,178,1780910817.8869116,4807,3833,1202.5625,4572,0.007345725544824345,0,1.0146914510896488,0.14566286740194728,0.22454848246322526,512,0.0179,179,1.636804223060608,0.050236038863658905,4.970333333333334e-06,0.00251181423664093,0.08923493325710297,0.017389047890901566,0.08923493325710297,0.0625,1,0,0,0,15
5658.23379697,179,1780910849.6928923,4807,3833,1140.125,4572,0,0,0.1476128358987738,0.08923493347247587,0.016836873209922804,512,0.018,180,0.7366108894348145,0.05317623168230057,4.970166666666667e-06,0.002658829092979431,0.145865797996521,0.23111745715141296,0.145865797996521,0,0,0,0,0,16
5689.949335126,180,1780910881.4084983,4807,3833,1196.25,4572,0.006034150410040432,0,1.0120683008200808,0.14586580023877135,0.2237785178982681,512,0.0181,181,0.49352046847343445,0.05420798808336258,4.970000000000001e-06,0.002710402011871338,0.14345967769622803,0.23095794022083282,0.14345967769622803,0.0625,1,0,0,0,15
5721.860953117,181,1780910913.3200514,4807,3833,1164.125,4572,0.0044736585522162095,0,1.0089473171044325,0.14345967692507974,0.22362404629823088,512,0.0182,182,0.6000994443893433,0.055660273879766464,4.969833333333334e-06,0.0027830079197883606,0.20872345566749573,0.32545235753059387,0.20872345566749573,0.0625,1,0,0,0,15
5753.4475043,182,1780910944.906634,4808,3833,1286.9375,4573,0.005781332187883034,0.03051815483357731,1.0551585810786,0.20872344703983214,0.315117876296224,512,0.0183,183,0.8240968585014343,0.03933929651975632,4.9696666666666675e-06,0.0019673705101013184,0.08494488894939423,0.008336137980222702,0.08494488894939423,0.125,2,0,0,0,14
5785.262333227,183,1780910976.7214677,4808,3833,1085.3125,4573,0,0,0.09713018523349856,0.0849448865118706,0.00807142962989048,512,0.0184,184,0.7387601733207703,0.04616165533661842,4.9695000000000004e-06,0.0023080408573150635,0.2097800076007843,0.33034852147102356,0.2097800076007843,0,0,0,0,0,16
5817.023475661,184,1780911008.482588,4809,3833,1290.375,4573,0.004977580772902673,0.04531340795461737,1.085862496866765,0.20978001653062614,0.3198585777936002,512,0.0185,185,0.5974605679512024,0.048666320741176605,4.969333333333333e-06,0.002433307468891144,0.2085244357585907,0.3342035412788391,0.2085244357585907,0.125,2,0,0,0,14
5848.360260179,185,1780911039.8194022,4809,3833,1291.0625,4573,0.008943489146578654,0.04643430735319881,1.0796584675725522,0.20852444194764164,0.3235911968947191,512,0.0186,186,0.5951394438743591,0.055756568908691406,4.969166666666667e-06,0.0027876868844032288,0.09189113974571228,0.02455221675336361,0.09189113974571228,0.125,2,0,0,0,14
5879.563008833,186,1780911071.022099,4809,3833,1174.0625,4573,0,0,0.1786068353769893,0.09189114270806158,0.023772581944193995,512,0.0187,187,0.514280378818512,0.04435897618532181,4.969e-06,0.0022178925573825836,0.08955289423465729,0.009676502086222172,0.08955289423465729,0,0,0,0,0,16
5910.931604292,187,1780911102.390677,4809,3833,1144.1875,4573,0,0,0.10229585181320115,0.08955289590399165,0.009369233246971883,512,0.0188,188,0.7345907688140869,0.04798994958400726,4.968833333333334e-06,0.0023995786905288696,0.09242923557758331,0.02525775320827961,0.09242923557758331,0,0,0,0,0,16
5942.42868321,188,1780911133.887822,4809,3833,1180.9375,4573,0,0,0.18150273936864075,0.09242923297678059,0.02445571287495276,512,0.0189,189,0.5063039064407349,0.051515400409698486,4.968666666666667e-06,0.0025757700204849243,0.14248108863830566,0.23144520819187164,0.14248108863830566,0,0,0,0,0,16
5973.884469688,189,1780911165.34358,4809,3833,1169,4573,0.004941322657392693,0,1.0098826453147853,0.14248108823851377,0.2240958509015868,512,0.019,190,0.49569088220596313,0.04802658408880234,4.968500000000001e-06,0.002401411533355713,0.20718222856521606,0.32577186822891235,0.20718222856521606,0.0625,1,0,0,0,15
6005.169459609,190,1780911196.628509,4809,3833,1275.1875,4573,0.004655033077643078,0.031828788214470605,1.0635590394888081,0.20718220808763624,0.31542724475949446,512,0.0191,191,0.9004697203636169,0.05463193356990814,4.968333333333334e-06,0.002731718122959137,0.08479813486337662,0.008115114644169807,0.08479813486337662,0.125,2,0,0,0,14
6036.890843569,191,1780911228.3499196,4809,3833,1083.4375,4573,0,0,0.0954082963735977,0.08479813462040178,0.007857426032270659,512,0.0192,192,0.4701177179813385,0.052695728838443756,4.968166666666668e-06,0.002634771168231964,0.20843349397182465,0.32808926701545715,0.20843349397182465,0,0,0,0,0,16
6068.149970234,192,1780911259.6090562,4809,3833,1275.625,4573,0.004622040973114373,0.0390874578386651,1.0739763991291005,0.20843349830405355,0.31767105993597694,512,0.0193,193,0.5301245450973511,0.03573034703731537,4.9680000000000005e-06,0.0017865076661109924,0.20835846662521362,0.3295588493347168,0.20835846662521362,0.125,2,0,0,0,14
6099.592157443,193,1780911291.051001,4809,3833,1264.75,4573,0.0048465617701043354,0.04242116524427963,1.0721149502302152,0.20835846820085258,0.3190939504423892,512,0.0194,194,0.48157021403312683,0.03819672763347626,4.967833333333334e-06,0.001909792423248291,0.14768192172050476,0.230181485414505,0.14768192172050476,0.125,2,0,0,0,14
6130.743450521,194,1780911322.2025583,4809,3833,1224.25,4573,0.00463573274423496,0,1.00927146548847,0.14768193202480606,0.22287224937355843,512,0.0195,195,0.5442619323730469,0.042830243706703186,4.967666666666667e-06,0.0021415352821350098,0.15041182935237885,0.23022179305553436,0.15041182935237885,0.0625,1,0,0,0,15
6162.291389221,195,1780911353.7504601,4809,3833,1257.4375,4573,0.0044425259949013775,0,1.0088850519898027,0.1504118250110376,0.2229112909639802,502.75,0.0196,196,0.47673913836479187,0.039298832416534424,4.9675e-06,0.0019650161266326904,0.26884400844573975,0.39404019713401794,0.26884400844573975,0.0625,1,0,0,0,15
6193.741726431,196,1780911385.2008197,4809,3833,1311.75,4573,0.004520685501097541,0.0533869765137349,1.098928927107757,0.2688439793909092,0.38152776995185084,512,0.0197,197,0.801661491394043,0.04984218627214432,4.967333333333334e-06,0.0024920254945755005,0.09373532235622406,0.023562440648674965,0.09373532235622406,0.1875,3,0,0,0,13
6225.356718835,197,1780911416.8158572,4809,3833,1197.625,4573,0,0,0.1753978606835377,0.09373532481085312,0.022814236564327284,512,0.0198,198,0.4655444025993347,0.04022515192627907,4.967166666666667e-06,0.0020112544298171997,0.21093085408210754,0.33895230293273926,0.21093085408210754,0,0,0,0,0,16
6256.782733003,198,1780911448.2418983,4809,3833,1286.3125,4573,0.006088735332785893,0.06556419317186477,1.128464443689024,0.21093085694915517,0.3281891492099663,512,0.0199,199,0.5704153180122375,0.036174237728118896,4.967e-06,0.0018087252974510193,0.27379629015922546,0.4010595977306366,0.27379629015922546,0.125,2,0,0,0,14
6288.174987124,199,1780911479.634097,4809,3833,1366.0625,4573,0.0058128148317134545,0.07024926460723459,1.0949923327986786,0.27379629874149386,0.3883242768989639,512,0.02,200,1.0025156736373901,0.03869471698999405,4.966833333333334e-06,0.0019347518682479858,0.2660554349422455,0.3891545534133911,0.2660554349422455,0.1875,3,0,0,0,13
6320.290949413,200,1780911511.7500925,4809,3833,1305.625,4573,0.004210988058744535,0.04122125221900372,1.0988066541561896,0.2660554311675145,0.376797240546252,512,0.0201,201,0.5940553545951843,0.04375442489981651,4.966666666666667e-06,0.0021878033876419067,0.20481771230697632,0.3229080140590668,0.20481771230697632,0.1875,3,0,0,0,13
6352.002096292,201,1780911543.4611855,4809,3833,1269.125,4573,0.00448555861811443,0.022800274542674727,1.0335242042277293,0.20481769321316648,0.3126543482539505,512,0.0202,202,0.9203894138336182,0.038716502487659454,4.9665e-06,0.001935809850692749,0.21534934639930725,0.3501247763633728,0.21534934639930725,0.125,2,0,0,0,14
6383.724120556,202,1780911575.1832411,4836,3833,1312.625,4600,0.01774797648030543,0.07626298307659542,1.1363438539359132,0.21534933478445772,0.339006864720176,512,0.0203,203,0.6443659067153931,0.046516746282577515,4.966333333333334e-06,0.00232580304145813,0.20984476804733276,0.32940563559532166,0.20984476804733276,0.125,2,0,0,0,14
6415.622972364,203,1780911607.082065,4836,3833,1287,4600,0.004226642672886345,0.044633207701389524,1.07702459242586,0.20984478632434686,0.31894563668885273,512,0.0204,204,0.6334121823310852,0.04793523997068405,4.966166666666667e-06,0.00239679217338562,0.21118341386318207,0.33030766248703003,0.21118341386318207,0.125,2,0,0,0,14
6446.945085244,204,1780911638.4041831,4836,3833,1335.3125,4600,0.006300493320392281,0.044424423743795474,1.0685757869087213,0.21118342023232764,0.3198190363807248,512,0.0205,205,0.6674171090126038,0.04307664930820465,4.966e-06,0.0021539628505706787,0.09328039735555649,0.024222249165177345,0.09328039735555649,0.125,2,0,0,0,14
6478.347319619,205,1780911669.8064015,4836,3833,1191.8125,4600,0,0,0.17758935559613878,0.09328039394729976,0.023453092418359946,512,0.0206,206,0.44038817286491394,0.044401176273822784,4.965833333333333e-06,0.002220042049884796,0.14374396204948425,0.2306537926197052,0.14374396204948425,0,0,0,0,0,16
6510.110630031,206,1780911701.569719,4836,3833,1166.3125,4600,0.004047735231839188,0,1.0080954704636784,0.14374396586041088,0.2233295809775641,512,0.0207,207,3.1501524448394775,0.04284899681806564,4.965666666666667e-06,0.00214240700006485,0.09200365096330643,0.02440355159342289,0.09200365096330643,0.0625,1,0,0,0,15
6532.540593206,207,1780911701.5701685,4836,3833,1175.5,4600,0,0,0.17837203235063917,0.092003652491521,0.023628640487482696,,,207,,,,,,,,0,0,0,0,0,16
